"User Id",Name,Username,"Twitter Joined Date (UTC)","Verified or Non-Verified",Bio,Location,Website,"Tweets Count","Following Count","Followers Count","Lists Count","Likes Count","Profile URL","Profile Picture URL","Protected or Not Protected","Last Tweet Date (UTC)"
"""130003441""","Simon Ateba",simonateba,"2010-04-06 01:33:23",Non-Verified,"""Chief White House Correspondent @TodayNewsAfrica in Washington""","Subscribe to my Substack",https://t.co/0gPO5WjD3Y,1077,49,236389,357,989,https://twitter.com/simonateba,https://pbs.twimg.com/profile_images/1589885579331780608/oaiNs7c3_normal.jpg,"Not Protected","2023-03-24 15:58:05"
"""1319287761048723458""","Mario Nawfal",MarioNawfal,"2020-10-22 14:42:25",Verified,"""NO BIAS, NO ECHO CHAMBERS: Host of Twitter’s Largest Spaces - CEO @ https://t.co/hxjr811Q4I - Founder @ Froothie - Cofounder @NFTtech""",,https://t.co/sO0v9MMX3M,10316,9427,419324,1778,121107,https://twitter.com/MarioNawfal,https://pbs.twimg.com/profile_images/1492271795201880065/0OztYME1_normal.png,"Not Protected","2023-03-24 15:25:55"
"""3949525095""","Gen Michael Hayden",GenMhayden,"2015-10-13 20:31:43",Verified,"""Personal account. Retired USAF, former Director of CIA &amp; NSA, author, husband, father, granddad. Views are my own. Retweets are not endorsements""","United States",,20696,313,340778,2655,4092,https://twitter.com/GenMhayden,https://pbs.twimg.com/profile_images/965585435966787584/5oT2mP1u_normal.jpg,"Not Protected","2023-03-24 14:06:58"
"""1215979697433141253""","Dr. Eashwarran Kohilathas",drkohilathas,"2020-01-11 12:52:13",Non-Verified,"""https://t.co/zzcedau15f
Patreon: https://t.co/EzPnywj5jP 
Not medical advice

Telegram https://t.co/3NRcd452FS""",,https://t.co/533P0M7pCo,20340,416,24957,218,25699,https://twitter.com/drkohilathas,https://pbs.twimg.com/profile_images/1624120440007294994/vW_Rj_Nn_normal.jpg,"Not Protected","2023-03-24 16:48:23"
"""1013883434618400768""","Targeted American Veteran",BillC48521737,"2018-07-02 20:33:42",Non-Verified,"""U.S. Army Ex-Soldier,(nonsuicidal) DARPA Downloaded,Cell Tower Tracked &amp; Microwave Tortured 24/7,FISA702 Warrantlessly Surveillanced 24/7 by traitors.""",,,5119,118,529,2,2804,https://twitter.com/BillC48521737,https://pbs.twimg.com/profile_images/1332480344197529601/7fyFSlS6_normal.jpg,"Not Protected","2023-03-03 23:21:47"
"""1450917382952730625""","v2k guy",v2ksucks,"2021-10-20 20:11:00",Non-Verified,"""hi, I suffer from V2K, mind control, and synthetic telepathy""",,,3826,211,758,5,3495,https://twitter.com/v2ksucks,https://pbs.twimg.com/profile_images/1450920537501405192/ueoObnRg_normal.jpg,"Not Protected","2023-03-24 16:26:32"
"""745125165063823360""","T. Toreson - Havana Syndrome (and worse) Victim",HornitoDog,"2016-06-21 05:24:17",Non-Verified,"""Wine broker &amp; professional musician, retired. Like old westerns, photography, animals, sunsets. Progressive. Ten+year #TI. I stand with #TargetedIndividuals.""","Oregon, USA",,31153,4986,3404,17,207833,https://twitter.com/HornitoDog,https://pbs.twimg.com/profile_images/1286169867780005889/5l_nUtDo_normal.jpg,"Not Protected","2023-03-24 08:40:03"
"""46365271""","Mark Williams Life Coaching (TargetedUK owner)",mwlifecoaching,"2009-06-11 11:14:28",Non-Verified,"""Whistleblower exposing civilian #MindControl Weapons abuses! https://t.co/dU1b04bZH5

TUK's work https://t.co/DvfQVfBfad

#LifeCoach sharing #SelfHelp tips on life...""",,https://t.co/V4QNayvHUZ,17814,5003,3257,20,6704,https://twitter.com/mwlifecoaching,https://pbs.twimg.com/profile_images/1551655184597762053/_I7TQXUP_normal.jpg,"Not Protected","2023-03-24 15:00:04"
"""1297912732323381248""",ourconstitution.info,ProtectPatient1,"2020-08-24 15:05:07",Non-Verified,"""info@ourconstitution.info to verify I recd likes, follows
SAEK - #StudentsAgainstExtrajudicialKillings - For the SAKE of Humanity - #protectpatientsstudentsall""",,https://t.co/CdDMEZqKm1,102440,4282,2540,2,73405,https://twitter.com/ProtectPatient1,https://pbs.twimg.com/profile_images/1297913089086697473/iZBPx-pb_normal.jpg,"Not Protected","2023-03-24 16:49:55"
"""1316790548913549312""","Stacy 🦋",Stacy_TI_CA,"2020-10-15 17:20:27",Non-Verified,"""Targeted Individual. Tortured with V2k, Neuroweapons, Microwave weapons, Directed Energy Weapons (DEWs), Mind Control.""","California, USA",,1969,1606,2257,11,10215,https://twitter.com/Stacy_TI_CA,https://pbs.twimg.com/profile_images/1355055039874621441/NVKeGcSz_normal.jpg,"Not Protected","2023-03-24 05:13:08"
"""1202943254506938369""","Len Ber MD",PSardonicus,"2019-12-06 13:38:27",Non-Verified,"""Diagnosed with #HavanaSyndrome due to domestic #DirectedEnergy attacks. No Government Agency Would Investigate! https://t.co/YvRcQmj75z""","Bloomingdale, IL",https://t.co/vf1usF2soG,2864,485,4290,14,1656,https://twitter.com/PSardonicus,https://pbs.twimg.com/profile_images/1603795845786337285/PwSAsphY_normal.jpg,"Not Protected","2023-03-23 10:18:17"
"""215115865""","J. Kirk Wiebe",KirkWiebe,"2010-11-13 01:25:56",Non-Verified,"""U.S. Air Force Security Service; Indiana University; Retired National Security Agency; NSA Whistleblower on Mass Surveillance of Americans; Pro-Constitution""","North central Maryland",,7817,807,4551,65,5678,https://twitter.com/KirkWiebe,https://pbs.twimg.com/profile_images/568991998896381952/u_pwKrQl_normal.jpeg,"Not Protected","2023-03-22 04:53:01"
"""2704674410""","Michael Milligan",MilliganMike0,"2014-08-03 18:45:27",Non-Verified,"""Targeted Individual since 2009. And Author of the book Win or Go Home. Indiana University bestselling author.""",,https://t.co/gHiumUnkaW,1574,573,521,1,1366,https://twitter.com/MilliganMike0,https://pbs.twimg.com/profile_images/1053387723568930816/9roD7Sv4_normal.jpg,"Not Protected","2023-03-24 07:32:13"
"""1602466553496326145""","TI Ernest",Exelphius,"2022-12-13 00:53:05",Non-Verified,"""Just a guy navigating the simulation. I hope to help wake a few people up along the way. #TI, #NIS,#V2K all of that craziness. #Targeted Georgia""","Decatur, GA",,79,159,62,0,52,https://twitter.com/Exelphius,https://pbs.twimg.com/profile_images/1602480854932066304/uj1CpVMj_normal.jpg,"Not Protected","2023-03-23 13:10:58"
"""1421914187811459076""","june9303(v2k &amp; DEW &amp; gang stalking victim)",imavictim1234,"2021-08-01 19:22:37",Non-Verified,"""I'm a TI online activist.

My v2k first started in Korea then it started gang stalking when I moved to the USA. 

한국 피해자분들 있으면 연락주세요. 한국 피해자분들은 언제든 환영입니다.""",,https://t.co/SfN7OuHiAe,428,65,151,0,50,https://twitter.com/imavictim1234,https://pbs.twimg.com/profile_images/1529665506189488128/U8orhExH_normal.jpg,"Not Protected","2023-03-22 05:13:11"
"""1468410833189634051""","Trevor Corry",corry_trevor,"2021-12-08 02:44:16",Non-Verified,"""To admit when I’m wrong and move forward, advocating for people suffering from organized harassment and Havana syndrome""","New Hampshire, USA",,707,324,58,0,270,https://twitter.com/corry_trevor,https://pbs.twimg.com/profile_images/1615191919805562881/oPfe-5wa_normal.jpg,"Not Protected","2023-03-23 03:29:45"
"""1621216959906856970""","Adam R Garcia",AdamRGarcia1984,"2023-02-02 18:41:19",Non-Verified,"""I am a targeted individual of illegal remote neural monitoring, v2k, directional energy weapons. This page was created to share my testimony and others.""","High Bridge, NJ 08829, USA",https://t.co/pBCzdbANqR,183,1930,371,0,17,https://twitter.com/AdamRGarcia1984,https://pbs.twimg.com/profile_images/1622317622120398852/3FhQg1MP_normal.jpg,"Not Protected","2023-03-19 15:55:50"
"""1008031611563184128""","Mindcontrol Informer - Michael von Werthern",MKultraInformer,"2018-06-16 17:00:39",Non-Verified,"""MINDCONTROL Brainwave Technology  Brainwave Computer &amp; Satteliyte Systems, Psychotronic-weapons,Neuronal Implant's - RNM - V2K - BCI
Cybertortur &amp; Gangstalking""","63679 - Schotten - Germany ",https://t.co/vwCf9FPKa0,7085,413,101,1,9,https://twitter.com/MKultraInformer,https://pbs.twimg.com/profile_images/1609980596863860736/0GEw4jNZ_normal.jpg,"Not Protected","2023-03-22 13:24:59"
"""1569481615444951040""",HaunticonHunter,haunticon,"2022-09-13 00:22:46",Non-Verified,"""An intelligent man in a perplexing situation. In 2018 I was introduced to an electronics system that can transmit audio and video using pulsed EMF""","Columbus, OH",,331,70,86,2,22,https://twitter.com/haunticon,https://pbs.twimg.com/profile_images/1569481845774974983/8vExrK2m_normal.jpg,"Not Protected","2023-03-24 16:21:01"
"""1627478948031463424""",Jon,jonny19691969,"2023-02-20 01:23:35",Non-Verified,"""Retired USAF (airborne) OIF/OEF/OIR vet..100% VA combat related ..# TI #Havanasyndrome #neuroweapons is a crime against humanity""","Mississippi, USA",,69,246,27,1,1,https://twitter.com/jonny19691969,https://pbs.twimg.com/profile_images/1639057911992254465/kDygwXkY_normal.jpg,"Not Protected","2023-03-24 03:59:50"
"""1494066833003003907""","Jim Lawson",RealCoffeeJim,"2022-02-16 21:51:45",Non-Verified,"""TI. #TargetedJustice #TargetedIndividuals #ElectronicHarassment #HavanaSyndrome #NeuroWeapons #DirectedEnergyWeapons""","Western NC",,52,169,42,1,158,https://twitter.com/RealCoffeeJim,https://pbs.twimg.com/profile_images/1635406204863143936/hOYuqlRq_normal.jpg,"Not Protected","2023-03-24 10:32:22"
"""1507902272017207301""","Abigail Sossen",AbigailSossen,"2022-03-27 02:08:30",Non-Verified,"""chemical biology 🧪 🧬 | MS chemistry @umich | Senior Research Associate @sanofi | cell and gene therapy | views my own and do not represent my employer""","Sherborn, MA",,2147,1108,437,2,6772,https://twitter.com/AbigailSossen,https://pbs.twimg.com/profile_images/1626075949211975680/aOsM4dE2_normal.jpg,"Not Protected","2023-03-23 13:52:28"
"""1337909644849766400""","Targeted Ohio",MarcumBrenden,"2020-12-12 23:58:40",Non-Verified,"""I am working on gathering all those I can to help with the fight for the American Citizens Under Attack from Havana Syndrome.""","Ohio, USA",,626,598,190,0,192,https://twitter.com/MarcumBrenden,https://pbs.twimg.com/profile_images/1635793170809208834/iB0p1fVV_normal.jpg,"Not Protected","2023-03-24 16:14:56"
"""1632416406749814784""","Jeremy Roberts",JeremyR18334238,"2023-03-05 16:23:19",Non-Verified,"""Just trying to find a way through so much confusion.""","Lubbock, TX",,56,607,49,0,536,https://twitter.com/JeremyR18334238,https://pbs.twimg.com/profile_images/1638579230610006023/KEre7Ohp_normal.jpg,"Not Protected","2023-03-24 13:03:34"
"""1379100143975284740""","Action Group Against Police Brutality of Ti in UK",AGA_PBinUK,"2021-04-05 15:55:43",Non-Verified,"""Raising awareness of covert remote torture, gang surveillance, tagging &amp; torture control etc. of targeted individuals in UK - new dimension in Police brutality.""","London, UK 🇬🇧",,4397,2100,2480,7,5124,https://twitter.com/AGA_PBinUK,https://pbs.twimg.com/profile_images/1543337615419740161/hz4EXJZz_normal.jpg,"Not Protected","2023-03-24 08:04:24"
"""1336312217453568003""","Targetedindividual&amp;Havanasyndrome victim Sachiko",SachikoMatsuba3,"2020-12-08 14:10:50",Non-Verified,"""I'm a one of Gangstalking and V2K victims. Perps insist me they are hiding somewhere in Connecticut and yale university neurology. Perps are 100%USA. 集団ストーカー被害者""","Japan ",https://t.co/vBV7q8QAFj,9215,463,1282,4,10459,https://twitter.com/SachikoMatsuba3,https://pbs.twimg.com/profile_images/1609423129604141056/VcjO69X7_normal.jpg,"Not Protected","2023-03-17 07:21:04"
"""1384412534606868481""","Cliff FEW",CliffFEW4,"2021-04-20 07:44:21",Non-Verified,"""Targeted Individual- Neuroweapon Assaults By US Government. Torture/Murder Of Law Abiding Citizens""","Baltimore, MD",https://t.co/8ETwmw6vyZ,5857,1692,763,3,2227,https://twitter.com/CliffFEW4,https://pbs.twimg.com/profile_images/1488668946848960512/b3el517m_normal.jpg,"Not Protected","2023-02-17 14:14:13"
"""1242638532059021315""","Sarah Todd (She/It.)",SarahTo55690989,"2020-03-25 02:24:56",Non-Verified,"""I'm a Targeted Individual. I probably wouldn't still be on Twitter if I wasn't one. (1/3 of my degree was in politics but that's not why I follow politicians!)""",,,53384,1202,892,1,27533,https://twitter.com/SarahTo55690989,https://pbs.twimg.com/profile_images/1597050568685617152/TKqfvwnl_normal.jpg,"Not Protected","2023-03-24 14:28:03"
"""1329554700677632007""","Bioeffects of Non Lethal Weapons",Bioeffects1998,"2020-11-19 22:42:10",Non-Verified,"""Most mass shootings, suicides and chronic illness are caused by the bioeffects of non lethal weapons, Frey effect/LRAD. Analysis by Errol Andrew Stanley""","Logicville USA",https://t.co/HkexFRcjOk,5244,1143,1312,3,11767,https://twitter.com/Bioeffects1998,https://pbs.twimg.com/profile_images/1554998961597030401/A9nUxU_v_normal.jpg,"Not Protected","2023-03-24 16:13:18"
"""1496923538833477640""","Chapawee Zonta",ChapaweeZ,"2022-02-24 19:03:08",Non-Verified,"""#TargetedIndividual #Torture #Rape #Army  #MedicalMarijuanaCard 
#NeuroRights #PsychotronicWeapons #Ohio
Imagine a world you are free? See it's not here.""","Kettering, Ohio 🤔😢😒",https://t.co/2um0aqsnL0,13940,772,658,3,13480,https://twitter.com/ChapaweeZ,https://pbs.twimg.com/profile_images/1607582137619816448/qQuLTtcm_normal.jpg,"Not Protected","2023-03-24 16:49:35"
"""1090796646701694977""",🇺🇸surveillancesurvivors.org🎯,shsa_usa,"2019-01-31 02:19:21",Non-Verified,"""Research #TargetedIndividuals #22aDay #HavanaSyndrome The US gov is using microwave weapons against its citizens, soldiers, &amp; agents.""","Missouri, USA",https://t.co/J2I6qFvfj7,8480,4996,3793,16,13623,https://twitter.com/shsa_usa,https://pbs.twimg.com/profile_images/1427773074854842373/UCaaz2tJ_normal.jpg,"Not Protected","2023-03-24 13:41:43"
"""1512165689036926977""","TargetedWestShow - DJ Chris",TIClub3,"2022-04-07 20:29:51",Non-Verified,"""Author DJ Chris presents a Sunday Nite Podcast about the 4th Industrial Revolution at 6-8PM PST https://t.co/V8jd5VNKvY TI 21 years #TIBookClub""","Lodi, CA",https://t.co/7ycVP2IP2Y,1583,1963,1145,2,2549,https://twitter.com/TIClub3,https://pbs.twimg.com/profile_images/1590130786312675329/5wjSFB3Q_normal.jpg,"Not Protected","2023-03-23 20:59:19"
"""1387914797186834432""","MKultra Guinea Pig",MKultraGuneaPig,"2021-04-29 23:41:48",Non-Verified,"""I had V2K torture at an Air Force facility called Elevate in California Nov 2020  Others at McKesson Chino CA have had same experience""",,https://t.co/0PSnCPrgQk,762,648,1535,4,7156,https://twitter.com/MKultraGuneaPig,https://pbs.twimg.com/profile_images/1387915205703733250/tqCgnukN_normal.jpg,"Not Protected","2023-03-20 04:08:06"
"""2960680569""","HumanRightsAdvocate# 🇪🇸 ⚖",_humanIam_,"2015-01-04 18:57:10",Non-Verified,"""SE ME HACE LO QUE LA ONU YA HA BAUTIZADO COMO #CIBERTORTURA. #CYBERTORTURE. ENLACE A QUEJAS PUBLICADAS POR EL RELATOR PARA LA TORTURA DE LA ONU 👇""",España/Spain/Espagne/Spanien,https://t.co/aIIRoUgQKS,44855,4655,3772,9,68838,https://twitter.com/_humanIam_,https://pbs.twimg.com/profile_images/948846871979667456/kzjwXNEn_normal.jpg,"Not Protected","2023-03-24 16:19:45"
"""897635606796185600""","Ashley | should be teaching, but retaliation.",teachdresscode,"2017-08-16 01:46:20",Non-Verified,"""speaking my truth | teacher life + style blog (locked out) | invisibly disabled | sped teacher + whistleblower | targeted | constitution advocate 🇺🇸""","PNW ",https://t.co/bgBXOVofju,2955,452,995,4,2893,https://twitter.com/teachdresscode,https://pbs.twimg.com/profile_images/1605351796737986560/FH7DfTA__normal.jpg,"Not Protected","2023-03-24 03:18:32"
"""1520473722989203456""","Samuel Robert Ludwick",SamuelRobertLu1,"2022-04-30 18:42:59",Non-Verified,"""All Posts by IBM(Cloud), Northrup Grumman, Wright University, etc...for Military Industrial Complex""",Florida,https://t.co/9ggMSKWpkV,13799,600,1025,3,5112,https://twitter.com/SamuelRobertLu1,https://pbs.twimg.com/profile_images/1520474030280781826/JL7CEpdn_normal.jpg,"Not Protected","2023-03-24 11:41:20"
"""1441492489106378757""","George A. Benavides",Gbenavides94,"2021-09-24 19:59:43",Non-Verified,"""The Silent War on Humanity. It is my civic duty to educate the people as a veteran victimized and spied on with technology and torture for 27 years. Volunteer""","Texas, USA",https://t.co/VCihbWFLXR,6892,5001,1527,0,2851,https://twitter.com/Gbenavides94,https://pbs.twimg.com/profile_images/1625157831870627842/X6tBX95M_normal.jpg,"Not Protected","2023-03-24 16:37:03"
"""948552407470034946""","Chronicle of a high tech murder",ZinaAntoaneta,"2018-01-03 13:51:32",Non-Verified,"""Subject to #ZERSETZUNG's #DirectedEnergy, #Neuro &amp; #Bio dual technologies to kill dissent.  
SciFi level of targeting has made life hell.
EXPOSE.
Never give up!""",,,55805,3278,3612,13,54445,https://twitter.com/ZinaAntoaneta,https://pbs.twimg.com/profile_images/949321193479458816/2GTIXgsv_normal.jpg,"Not Protected","2023-03-24 11:33:50"
"""1549205912753246208""",Dave,Spiritu42830069,"2022-07-19 01:34:46",Non-Verified,"""heavily targeted individual since 2014 v2k, dew weapons etc partially paralyzed leg any helpappreciate cash app $davea2102  https://t.co/zGEanAAzNE""",?????,https://t.co/pQsgWvPZan,4868,848,1281,3,18506,https://twitter.com/Spiritu42830069,https://pbs.twimg.com/profile_images/1621083379117465601/HN24QW3d_normal.jpg,"Not Protected","2023-03-24 16:01:28"
"""1460085869398876161""","Hannah Bree",HannahBree72,"2021-11-15 03:23:13",Non-Verified,"""Libertarian and world travelled. I speak several languages and enjoy a good intellectual conversation. #TI #TargetedIndividual #Dew""","Florida, USA",,5669,4255,2352,2,9413,https://twitter.com/HannahBree72,https://pbs.twimg.com/profile_images/1630834575071911937/jlhxktSO_normal.jpg,"Not Protected","2023-03-24 14:57:08"
"""1508201842580221953""",InvisibleWeaponsExist,HannahHavana_MK,"2022-03-27 21:58:47",Non-Verified,"""Civilians are also medically diagnosed with #HavanaSyndrome yet this Public Safety Issue is being ignored""",,,5651,432,1267,6,5634,https://twitter.com/HannahHavana_MK,https://pbs.twimg.com/profile_images/1628650337170255875/XkH8Nhzl_normal.jpg,"Not Protected","2023-03-24 07:25:20"
"""1210971377827639296""","Mind Control Victim",HAL_9_Thousand_,"2019-12-28 17:10:59",Non-Verified,"""Neuro-Slavery | U.S. Military Intelligence &amp; Domestic Surveillance are in the process of perfecting remote 'Brain Control Tech' using A.I. 🧠🛰️""",,,3711,961,5797,15,3439,https://twitter.com/HAL_9_Thousand_,https://pbs.twimg.com/profile_images/1216817518876250117/6K5E_M_m_normal.jpg,"Not Protected","2023-03-24 05:36:51"
"""1281559836363231232""","Targeted International",TargetedInt,"2020-07-10 12:04:31",Non-Verified,"""NOT a TI organization. Extensive research on this program. I post factual sources on torture tech &amp; ways to cope while being tortured. #havanasyndrome""","United States",https://t.co/EmNQjcxWvM,78480,3278,4190,14,50706,https://twitter.com/TargetedInt,https://pbs.twimg.com/profile_images/1281565862395285504/qsx9oMbQ_normal.jpg,"Not Protected","2023-03-24 09:32:31"
"""1344696174""","Nina Cerfolio MD",ninacerfolio,"2013-04-11 16:04:33",Non-Verified,"""Physician/#Psychiatrist tools &amp; inspiration for greater #mentalhealth #holisticpsychiatry Author. Marathoner, Ironman (who struggles to change flat tire)""",NYC,https://t.co/cT4P48ovVV,537,296,340,1,1030,https://twitter.com/ninacerfolio,https://pbs.twimg.com/profile_images/692135639517655044/_vuWjce7_normal.jpg,"Not Protected","2023-03-21 15:45:10"
"""722857129602756609""",IllusionOfFreedom,illusionoffreed,"2016-04-20 18:39:04",Non-Verified,"""#TargetedIndividual since 2013. I have resisted psychotronics attacks, cruel torture and subsequent requests for joining the criminal organization""","Nea Makri, Greece",https://t.co/RuR0SKgDrm,7182,710,773,5,14442,https://twitter.com/illusionoffreed,https://pbs.twimg.com/profile_images/1431130072606461954/XrxicGBt_normal.jpg,"Not Protected","2023-03-24 16:21:36"
"""1282151948528103424""",Lizzystuff,Tivilletweets,"2020-07-12 03:17:26",Non-Verified,"""""",,https://t.co/SLOL88x4gC,10465,140,1282,4,11741,https://twitter.com/Tivilletweets,https://pbs.twimg.com/profile_images/1364511739400712195/Z5DbVFd3_normal.jpg,"Not Protected","2023-03-24 02:07:26"
"""1606713547349803008""","Ursula Blanchat",GovtProperty,"2022-12-24 18:09:05",Non-Verified,"""DISTRESSED""","In creepers dreams ",,2342,104,65,1,2086,https://twitter.com/GovtProperty,https://pbs.twimg.com/profile_images/1628442456600576001/M-trcEm5_normal.jpg,"Not Protected","2023-03-24 15:14:38"
"""1245557507273048064""",Justice4Butterflies,Justice4Monarch,"2020-04-02 03:44:00",Non-Verified,"""I AM a CYBORG DID Survivor of SRA &amp; Theta+++ Monarch MKU Mind Control Programming. 

They NEVER thought we WQULD remember. Whistleblower acct.

GOD WINS""","From BERWICK PA",,3665,397,65,2,4589,https://twitter.com/Justice4Monarch,https://pbs.twimg.com/profile_images/1627455209940176896/6_zisgC1_normal.jpg,"Not Protected","2023-03-24 15:17:44"
"""230818994""","Roy Eacups",RoyEacups,"2010-12-26 19:46:15",Non-Verified,"""#Mkultra, V2K, DEW, RNM, Ritual/Occult Abuse Victim/Survivor #Targetedindividuals Targeted Individuals United YouTube link -youtube.com/channel/UC0n_i…""","Bournemouth, Dorset.",,26792,1645,6908,38,54522,https://twitter.com/RoyEacups,https://pbs.twimg.com/profile_images/1284002372117770240/AV0XvXwR_normal.jpg,"Not Protected","2023-03-24 12:27:22"
"""822913722897178624""",SantaMonicaGasChambers,SMGasChambers,"2017-01-21 21:08:15",Non-Verified,"""Law abiding citizens who fight COVERT #GangStalking OP #V2K targeting the innocent using #STASI tactics,#ARSENIC #ORGANOPHOSPHATE AEROSOLS GangStalking=FELONY!""","GANGSTALKING HQ SantaMonicaCA ",https://t.co/DFVP2mBP7w,53707,4958,1668,7,5725,https://twitter.com/SMGasChambers,https://pbs.twimg.com/profile_images/822914842491166720/5XDRwvF__normal.jpg,"Not Protected","2023-03-24 16:01:42"
"""1541423319135682560""","Nik Lawman - Descendant of Mossadegh!",NikatLaw,"2022-06-27 14:09:23",Non-Verified,"""NYC Attorney/Nom De Guerre/Real Descendant of Mossadegh/Geo-Political and Geo-Economic Analyst/Iranian-American Rights Stalwart/Humanitarian""",,,5128,360,241,1,5446,https://twitter.com/NikatLaw,https://pbs.twimg.com/profile_images/1541941134804623360/9Lg068Ty_normal.jpg,"Not Protected","2023-03-24 14:52:19"
"""1566488629303820291""","Mark Fenn",MarkDFenn62,"2022-09-04 18:09:54",Non-Verified,"""Targeted Individual since at least 2012 . Psyops Exposed . Artist . Nature lover/saver . Degrowth . #HavanaSyndrome #TargetedIndividuals #NeuroRights""","London, England",,110,434,68,0,105,https://twitter.com/MarkDFenn62,https://abs.twimg.com/sticky/default_profile_images/default_profile_normal.png,"Not Protected","2023-03-21 13:04:49"
"""1346640506403627008""",eric,eric98319749,"2021-01-06 02:11:43",Non-Verified,"""Targeted electrician from Arkansas""",,,4146,239,470,2,5559,https://twitter.com/eric98319749,https://pbs.twimg.com/profile_images/1408176263655837700/Ns9u0cj2_normal.jpg,"Not Protected","2023-03-24 16:10:16"
"""1338501239701721088""","Ann-Marie Cudworth",Ann98897110,"2020-12-14 15:09:16",Non-Verified,"""a cash cow for radio frequency assaulters,life insurance fraudsters , human bio medical experimental trials with out my informed consent , human bitcoin mining.""","England, United Kingdom",,13528,509,543,1,26386,https://twitter.com/Ann98897110,https://pbs.twimg.com/profile_images/1339541046284480514/TrLOPcFY_normal.jpg,"Not Protected","2023-03-24 16:14:24"
"""1056982113013112837""","arisbe, a guess at the riddle",arisbe__,"2018-10-29 18:52:28",Non-Verified,"""Dilettante—Math, Tech, Peirce, Telos, Anomaly, Emergence, Poetry. https://t.co/ALEycJM2oO || 𝕣𝕖𝕤𝕠𝕟𝕒𝕟𝕔𝕖 𝕙𝕠𝕡𝕡𝕚𝕟𝕘 𝕤𝕚𝕘𝕟𝕤’ 𝕧𝕚𝕓𝕖𝕤""",USA,https://t.co/MbnZjpR2BW,2623,848,148,0,2352,https://twitter.com/arisbe__,https://pbs.twimg.com/profile_images/1568644418189541376/tAV2lsza_normal.jpg,"Not Protected","2023-03-24 10:50:19"
"""1711586252""","Mark S. Zaid",MarkSZaidEsq,"2013-08-30 02:34:49",Verified,"""Attny handling cases re: national security, security clearances, govt investigations, Freedom of Information Act &amp; whistleblowing. @UofR grad. Non-partisan""","Washington, D.C.",https://t.co/rYyU5o7RMd,71243,912,128490,1326,72462,https://twitter.com/MarkSZaidEsq,https://pbs.twimg.com/profile_images/1476793193995907087/3BaSyNBj_normal.jpg,"Not Protected","2023-03-22 11:27:07"
"""1517527261007724547""","Stop Mind Control by E Dench #Croydon #Bromley #UK",Evelyn_Dench,"2022-04-22 15:36:23",Non-Verified,"""I'm a victim of #CYBERTORTURE

I'm not affiliated.

I DON'T COLLECT MONEY.

 I'm raising awareness #NEUROWEAPONS

https://t.co/qIkAqSZIRs…""","Bromley, Kent, United Kingdom",https://t.co/eYThgJHTM3,2663,308,60,1,1381,https://twitter.com/Evelyn_Dench,https://pbs.twimg.com/profile_images/1517546319572787202/t9U6M9AA_normal.jpg,Protected,
"""1287039338786836482""","Targeted Justice With Susan O. RN",TargetedRn,"2020-07-25 14:59:24",Non-Verified,"""We are a 501c(3) non-profit org committed to exposing &amp; ending the CIAs illegal targeting &amp; torture program of citizens via legal action &amp; public awareness.""","Texas &amp; Florida USA",https://t.co/sOz1FjhXga,1812,781,1475,10,4562,https://twitter.com/TargetedRn,https://pbs.twimg.com/profile_images/1287039888483848197/pqcwGwNi_normal.jpg,"Not Protected","2023-03-22 02:30:47"
"""1516202036836155398""",Dinosaur,h1GVOLQp5E0IfZS,"2022-04-18 23:48:39",Non-Verified,"""OCEANOGRAPHER""","Bottom of the Ocean",,39,197,179,1,13,https://twitter.com/h1GVOLQp5E0IfZS,https://pbs.twimg.com/profile_images/1583808377066586113/BcNoQRAU_normal.jpg,"Not Protected","2023-03-18 11:38:09"
"""1590845046395633679""","Robert Duncan",Tim_E_Lord,"2022-11-10 23:14:10",Non-Verified,"""I actually care about the future of humanity.
About me: I remain a humble man from a perfect family and have a great education. I have a dog named Toto.""","Boise, Idaho",,232,78,1051,2,163,https://twitter.com/Tim_E_Lord,https://pbs.twimg.com/profile_images/1606169139240108032/fD2DcjVL_normal.jpg,"Not Protected","2023-03-10 11:24:20"
"""1886909492""",OpenBCI,OpenBCI,"2013-09-20 15:35:11",Verified,"""Open source tools for neuroscience since 2014. Makers of the OpenBCI biosensing boards (EEG, EMG, ECG), the @Ultracortex, and @Galea_XR. https://t.co/2QCsjSPsED""","Brooklyn, NY",https://t.co/27ZARODT6B,3124,1679,18679,536,76005,https://twitter.com/OpenBCI,https://pbs.twimg.com/profile_images/1445390793284497408/oWAzo2xC_normal.jpg,"Not Protected","2023-03-24 14:35:47"
"""115749048""","U.S. Secret Service",SecretService,"2010-02-19 20:07:37",Verified,"""The Secret Service is mandated by Congress to carry out an integrated mission of protection and criminal investigations.""",,https://t.co/VbFd3BDoof,5037,77,1212126,5806,771,https://twitter.com/SecretService,https://pbs.twimg.com/profile_images/1630245441768923137/ogNNdd3f_normal.jpg,"Not Protected","2023-03-23 23:01:52"
"""1454065055205675013""","U.S. Attorney Jessica D. Aber",USAttyAber,"2021-10-29 12:39:48",Verified,"""Official account of Jessica D. Aber, U.S. Attorney for the Eastern District of Virginia. Privacy policy: https://t.co/iltk7mH0HJ""","Alexandria, VA",https://t.co/wLUXGqlrcQ,571,147,725,7,1791,https://twitter.com/USAttyAber,https://pbs.twimg.com/profile_images/1454065545490403339/TpdkevNC_normal.jpg,"Not Protected","2023-03-24 02:36:43"
"""1349149096909668363""","President Biden",POTUS,"2021-01-13 00:37:08",Verified,"""46th President of the United States, husband to @FLOTUS, proud dad &amp; pop. Tweets may be archived: https://t.co/HDhBZBkKpU
Text me: (302) 404-0880""",,https://t.co/MzB1JWfbJ0,5794,13,30056888,23880,11,https://twitter.com/POTUS,https://pbs.twimg.com/profile_images/1380530524779859970/TfwVAbyX_normal.jpg,"Not Protected","2023-03-24 15:49:51"
"""31122582""","Oversight Committee Democrats",OversightDems,"2009-04-14 13:37:22",Verified,"""Ranking Member @RepRaskin | Committee on Oversight and Accountability | RT and follows do not equal endorsements.""","Washington, DC",https://t.co/Na6IAyHbO0,19060,4870,175631,2030,3311,https://twitter.com/OversightDems,https://pbs.twimg.com/profile_images/1613305534861516803/mK3SH-uJ_normal.jpg,"Not Protected","2023-03-24 15:12:27"
"""3438084023""","U.S. Attorneys",USAttorneys,"2015-08-24 15:21:26",Verified,"""Official account of the United States Attorneys'​ Offices. Privacy policy: https://t.co/cvBSogxfCr""","United States",https://t.co/4TWUvUAIBC,3720,448,29658,246,5808,https://twitter.com/USAttorneys,https://pbs.twimg.com/profile_images/1364281447343919106/VWcabwqC_normal.jpg,"Not Protected","2023-03-24 16:50:41"
"""843904157081845762""","U.S. Marshals",USMarshalsHQ,"2017-03-20 19:16:44",Verified,"""USMS is a federal law enforcement agency within DOJ. DOJ's privacy policy for use of third-party websites: https://t.co/2slzDjdIT1""","Washington, DC",https://t.co/VT1030VgaI,7188,454,131866,427,201,https://twitter.com/USMarshalsHQ,https://pbs.twimg.com/profile_images/843910329314791426/OQGt92l2_normal.jpg,"Not Protected","2023-03-24 16:00:29"
"""221135570""","DOJ Civil Rights",CivilRights,"2010-11-29 20:59:02",Verified,"""Official Twitter account for Civil Rights Division at @TheJusticeDept. Privacy policy: https://t.co/0qnvVwjX9m""","Washington, D.C.",http://t.co/BDvZhGbODf,3724,94,65888,983,0,https://twitter.com/CivilRights,https://pbs.twimg.com/profile_images/784042399295168512/vNow3UZK_normal.jpg,"Not Protected","2023-03-24 13:57:32"
"""16503916""","The U.S. Capitol Police",CapitolPolice,"2008-09-28 22:45:09",Verified,"""Defending Congress, the U.S. Capitol, and democracy since 1828.""","Washington, DC",https://t.co/RmHFq1kjxd,674,58,75801,706,267,https://twitter.com/CapitolPolice,https://pbs.twimg.com/profile_images/1560622763244756993/RkTXYdRe_normal.jpg,"Not Protected","2023-03-23 14:51:10"
"""351133597""","FBI Dallas",FBIDallas,"2011-08-08 20:53:24",Verified,"""Official FBI Dallas Twitter. Submit tips at https://t.co/HArxb0AeeH. Public info may be used for authorized purposes: https://t.co/Ki4PmZ95rH.""","Dallas, TX",https://t.co/6gHZfj5yqA,5310,87,37905,418,244,https://twitter.com/FBIDallas,https://pbs.twimg.com/profile_images/1079818215486877696/npZnOlHH_normal.jpg,"Not Protected","2023-03-23 13:30:32"
"""4785764884""",GCHQ,GCHQ,"2016-01-12 16:19:05",Verified,"""The UK's intelligence, security and cyber agency, helping to keep the UK safe online and in the real world. Follow the cyber security arm of our mission @NCSC.""","United Kingdom",https://t.co/R2gRf4bXWi,7537,311,173951,1744,2038,https://twitter.com/GCHQ,https://pbs.twimg.com/profile_images/1603266168441151488/bSml-AjV_normal.jpg,"Not Protected","2023-03-24 15:34:11"
"""1076061""","Keith Coleman 🌱😀🙌",kcoleman,"2007-03-13 08:18:45",Verified,"""VP Product @twitter. Previously CEO at Yes Inc, @google 🙌""","San Francisco, CA",,2360,789,25324,286,13156,https://twitter.com/kcoleman,https://pbs.twimg.com/profile_images/1093367487566012416/9Wc1J-Pk_normal.jpg,"Not Protected","2023-03-22 19:35:05"
"""1319036828964454402""","Community Notes",CommunityNotes,"2020-10-21 22:04:47",Verified,"""Empowering people on Twitter to create a better-informed world.

We're open source and data is publicly available: https://t.co/CGdR4wF5wn

Q? Tweet/DM""",,https://t.co/VqutklmXl7,316,0,278285,786,247,https://twitter.com/CommunityNotes,https://pbs.twimg.com/profile_images/1590766786122653696/dNjmIGfn_normal.jpg,"Not Protected","2023-03-21 18:24:47"
"""1444760227576881156""",H0W_THlNGS_W0RK,HowThingsWork_,"2021-10-03 20:24:36",Non-Verified,"""How Things Work. Tech,AI,Art,Science &amp; loads more. Also all the best news &amp; viral content from around the globe. Contact@HowThingsWork.xyz""",,https://t.co/UTrUAWLZqp,1564,7366,1521219,5028,6541,https://twitter.com/HowThingsWork_,https://pbs.twimg.com/profile_images/1592626494546796545/YxyPborr_normal.jpg,"Not Protected","2023-03-24 11:42:52"
"""14499829""","World Health Organization (WHO)",WHO,"2008-04-23 19:56:27",Verified,"""We are the #UnitedNations’ health agency - #HealthForAll.
▶️ Always check our latest tweets on #COVID19 for updated advice/information.""","Geneva, Switzerland",https://t.co/28yN4nSjYc,73518,1773,12131203,35481,12405,https://twitter.com/WHO,https://pbs.twimg.com/profile_images/1572512818796335105/YF_H68EL_normal.jpg,"Not Protected","2023-03-24 15:21:58"
"""20608701""","Physics Today",PhysicsToday,"2009-02-11 18:23:39",Verified,"""Physics Today is the world's most popular physics magazine. 

(Header image: I. Heywood, SARAO)""","College Park, MD",https://t.co/4C3asO3vzS,27005,268,390298,2394,1627,https://twitter.com/PhysicsToday,https://pbs.twimg.com/profile_images/1630914612328816640/pkBUIa31_normal.jpg,"Not Protected","2023-03-24 14:35:52"
