"User Id",Name,Username,"Twitter Joined Date (UTC)","Verified or Non-Verified",Bio,Location,Website,"Tweets Count","Following Count","Followers Count","Lists Count","Likes Count","Profile URL","Profile Picture URL","Protected or Not Protected","Last Tweet Date (UTC)"
"""1639284159624478721""",changeisnow555,changeisnow777,"2023-03-24 15:13:10",Non-Verified,"""""",,,1,2,0,0,0,https://twitter.com/changeisnow777,https://abs.twimg.com/sticky/default_profile_images/default_profile_normal.png,"Not Protected","2023-03-24 15:18:46"
"""1618445556212277248""","OTIR - Objective TI Research",otir_tw,"2023-01-26 03:08:06",Non-Verified,"""OTIR (Objective Targeted Individuals Research) is a group founded to conduct research of gangstalking and other aspects Targeted Individual phenomenon""",Earth,https://t.co/cYTP7fGztc,279,1052,270,0,168,https://twitter.com/otir_tw,https://pbs.twimg.com/profile_images/1618553986029654017/34NvV9U3_normal.jpg,"Not Protected","2023-03-23 23:40:28"
"""1627478948031463424""",Jon,jonny19691969,"2023-02-20 01:23:35",Non-Verified,"""Retired USAF (airborne) OIF/OEF/OIR vet..100% VA combat related ..# TI #Havanasyndrome #neuroweapons is a crime against humanity""","Mississippi, USA",,69,246,27,1,1,https://twitter.com/jonny19691969,https://pbs.twimg.com/profile_images/1639057911992254465/kDygwXkY_normal.jpg,"Not Protected","2023-03-24 03:59:50"
"""1602466553496326145""","TI Ernest",Exelphius,"2022-12-13 00:53:05",Non-Verified,"""Just a guy navigating the simulation. I hope to help wake a few people up along the way. #TI, #NIS,#V2K all of that craziness. #Targeted Georgia""","Decatur, GA",,79,159,62,0,52,https://twitter.com/Exelphius,https://pbs.twimg.com/profile_images/1602480854932066304/uj1CpVMj_normal.jpg,"Not Protected","2023-03-23 13:10:58"
"""1468410833189634051""","Trevor Corry",corry_trevor,"2021-12-08 02:44:16",Non-Verified,"""To admit when I’m wrong and move forward, advocating for people suffering from organized harassment and Havana syndrome""","New Hampshire, USA",,707,324,58,0,270,https://twitter.com/corry_trevor,https://pbs.twimg.com/profile_images/1615191919805562881/oPfe-5wa_normal.jpg,"Not Protected","2023-03-23 03:29:45"
"""2704674410""","Michael Milligan",MilliganMike0,"2014-08-03 18:45:27",Non-Verified,"""Targeted Individual since 2009. And Author of the book Win or Go Home. Indiana University bestselling author.""",,https://t.co/gHiumUnkaW,1574,573,521,1,1366,https://twitter.com/MilliganMike0,https://pbs.twimg.com/profile_images/1053387723568930816/9roD7Sv4_normal.jpg,"Not Protected","2023-03-24 07:32:13"
"""1460085869398876161""","Hannah Bree",HannahBree72,"2021-11-15 03:23:13",Non-Verified,"""Libertarian and world travelled. I speak several languages and enjoy a good intellectual conversation. #TI #TargetedIndividual #Dew""","Florida, USA",,5669,4255,2352,2,9413,https://twitter.com/HannahBree72,https://pbs.twimg.com/profile_images/1630834575071911937/jlhxktSO_normal.jpg,"Not Protected","2023-03-24 14:57:08"
"""1512165689036926977""","TargetedWestShow - DJ Chris",TIClub3,"2022-04-07 20:29:51",Non-Verified,"""Author DJ Chris presents a Sunday Nite Podcast about the 4th Industrial Revolution at 6-8PM PST https://t.co/V8jd5VNKvY TI 21 years #TIBookClub""","Lodi, CA",https://t.co/7ycVP2IP2Y,1583,1963,1145,2,2549,https://twitter.com/TIClub3,https://pbs.twimg.com/profile_images/1590130786312675329/5wjSFB3Q_normal.jpg,"Not Protected","2023-03-23 20:59:19"
"""1583890869433737217""","GinaM Kahl Minto Blanton",ginam_minto,"2022-10-22 18:41:24",Non-Verified,"""⚔️ Love God, 💕 Family and Human Beings. We have the Right to our Rights! The Desertmermaid! ⚔️ WHISTLEBLOWER""","Colorado ",,4995,2422,338,0,5583,https://twitter.com/ginam_minto,https://pbs.twimg.com/profile_images/1626452031652216832/zvZdvoyw_normal.jpg,"Not Protected","2023-03-24 14:49:15"
"""1316790548913549312""","Stacy 🦋",Stacy_TI_CA,"2020-10-15 17:20:27",Non-Verified,"""Targeted Individual. Tortured with V2k, Neuroweapons, Microwave weapons, Directed Energy Weapons (DEWs), Mind Control.""","California, USA",,1969,1606,2257,11,10215,https://twitter.com/Stacy_TI_CA,https://pbs.twimg.com/profile_images/1355055039874621441/NVKeGcSz_normal.jpg,"Not Protected","2023-03-24 05:13:08"
"""1242638532059021315""","Sarah Todd (She/It.)",SarahTo55690989,"2020-03-25 02:24:56",Non-Verified,"""I'm a Targeted Individual. I probably wouldn't still be on Twitter if I wasn't one. (1/3 of my degree was in politics but that's not why I follow politicians!)""",,,53384,1202,892,1,27533,https://twitter.com/SarahTo55690989,https://pbs.twimg.com/profile_images/1597050568685617152/TKqfvwnl_normal.jpg,"Not Protected","2023-03-24 14:28:03"
"""722857129602756609""",IllusionOfFreedom,illusionoffreed,"2016-04-20 18:39:04",Non-Verified,"""#TargetedIndividual since 2013. I have resisted psychotronics attacks, cruel torture and subsequent requests for joining the criminal organization""","Nea Makri, Greece",https://t.co/RuR0SKgDrm,7182,710,773,5,14442,https://twitter.com/illusionoffreed,https://pbs.twimg.com/profile_images/1431130072606461954/XrxicGBt_normal.jpg,"Not Protected","2023-03-24 16:21:36"
"""1316598307398057991""","Roen branham",BranhamRoen,"2020-10-15 04:34:45",Non-Verified,"""I once was secretive &amp; Evil, now I am open about it ;-) – CTO/CSO HILLERT NEXT.  I am the sum of each lesson learned from every mistake &amp; failure in IT!""","your conscious, 7 levels deep",,356,4252,7266,28,5,https://twitter.com/BranhamRoen,https://pbs.twimg.com/profile_images/1384792161414172672/xRxzInDL_normal.jpg,"Not Protected","2023-03-16 11:13:00"
"""1383628471994175492""","Mark Franz",MarkFranz7,"2021-04-18 03:48:51",Non-Verified,"""MAGA - For God and Country""",,,3788,1416,145,9,25552,https://twitter.com/MarkFranz7,https://pbs.twimg.com/profile_images/1594334343115177984/Ic4hQxjc_normal.jpg,"Not Protected","2023-03-23 12:00:45"
"""1280863981612281861""","Lou Amato",LouAmato50,"2020-07-08 13:59:39",Non-Verified,"""""",,,641,369,22,0,316,https://twitter.com/LouAmato50,https://pbs.twimg.com/profile_images/1335249895238885380/1rRlc6Of_normal.jpg,"Not Protected","2022-05-23 02:54:47"
"""2599646780""","Triss, Anna",ramanverma256,"2014-07-02 11:03:09",Non-Verified,"""The best age for a woman does not need to be charming, but she must be attractive""","Boston, Massachusetts",,4,142,141,1,2,https://twitter.com/ramanverma256,https://pbs.twimg.com/profile_images/1637132558604574721/X3x5Gkut_normal.jpg,"Not Protected","2023-03-20 16:53:17"
"""1552098832216907777""","Brenda Wright",BrendaW47854255,"2022-07-27 01:09:53",Non-Verified,"""""",,,147,928,241,0,0,https://twitter.com/BrendaW47854255,https://pbs.twimg.com/profile_images/1552099018079178755/Nyqh3TN-_normal.jpg,"Not Protected","2023-03-24 09:57:30"
"""1632416406749814784""","Jeremy Roberts",JeremyR18334238,"2023-03-05 16:23:19",Non-Verified,"""Just trying to find a way through so much confusion.""","Lubbock, TX",,56,607,49,0,536,https://twitter.com/JeremyR18334238,https://pbs.twimg.com/profile_images/1638579230610006023/KEre7Ohp_normal.jpg,"Not Protected","2023-03-24 13:03:34"
"""1256461707678900225""","Mila Kali 144",MilaKali2,"2020-05-02 05:53:22",Non-Verified,"""See’r. Artist. Nature lover. Life is Art..
#elongate""",Kauai,,2045,871,125,1,8601,https://twitter.com/MilaKali2,https://pbs.twimg.com/profile_images/1407881091654950914/bxQcJcMp_normal.jpg,"Not Protected","2023-03-24 13:42:43"
"""1282151948528103424""",Lizzystuff,Tivilletweets,"2020-07-12 03:17:26",Non-Verified,"""""",,https://t.co/SLOL88x4gC,10465,140,1282,4,11741,https://twitter.com/Tivilletweets,https://pbs.twimg.com/profile_images/1364511739400712195/Z5DbVFd3_normal.jpg,"Not Protected","2023-03-24 02:07:26"
"""1606713547349803008""","Ursula Blanchat",GovtProperty,"2022-12-24 18:09:05",Non-Verified,"""DISTRESSED""","In creepers dreams ",,2342,104,65,1,2086,https://twitter.com/GovtProperty,https://pbs.twimg.com/profile_images/1628442456600576001/M-trcEm5_normal.jpg,"Not Protected","2023-03-24 15:14:38"
"""1245557507273048064""",Justice4Butterflies,Justice4Monarch,"2020-04-02 03:44:00",Non-Verified,"""I AM a CYBORG DID Survivor of SRA &amp; Theta+++ Monarch MKU Mind Control Programming. 

They NEVER thought we WQULD remember. Whistleblower acct.

GOD WINS""","From BERWICK PA",,3665,397,65,2,4589,https://twitter.com/Justice4Monarch,https://pbs.twimg.com/profile_images/1627455209940176896/6_zisgC1_normal.jpg,"Not Protected","2023-03-24 15:17:44"
"""1501238748314492930""",Bill,Bill93833097q,"2022-03-08 16:50:01",Non-Verified,"""""",,,2,46,4,1,17,https://twitter.com/Bill93833097q,https://abs.twimg.com/sticky/default_profile_images/default_profile_normal.png,"Not Protected","2022-03-23 16:35:47"
"""1379283483995037699""","Bitcoin Rambler",BitcoinRambler,"2021-04-06 04:03:31",Non-Verified,"""#Bitcoin""",Cyberspace,,25,768,43,10,124,https://twitter.com/BitcoinRambler,https://pbs.twimg.com/profile_images/1479644318101082112/FMng7Tm5_normal.jpg,"Not Protected","2023-03-14 13:33:19"
"""1101307491713990656""","Ed Venture",EdVenture9,"2019-03-01 02:25:42",Non-Verified,"""steady and ready
https://t.co/Dh8eFQ6P34
Royal Babylon The Criminal Record of the British Monarchy""",here,,196463,3192,1969,2,177412,https://twitter.com/EdVenture9,https://pbs.twimg.com/profile_images/1101313641050181633/eyE-8P2O_normal.jpg,"Not Protected","2023-03-24 16:49:09"
"""1517527261007724547""","Stop Mind Control by E Dench #Croydon #Bromley #UK",Evelyn_Dench,"2022-04-22 15:36:23",Non-Verified,"""I'm a victim of #CYBERTORTURE

I'm not affiliated.

I DON'T COLLECT MONEY.

 I'm raising awareness #NEUROWEAPONS

https://t.co/qIkAqSZIRs…""","Bromley, Kent, United Kingdom",https://t.co/eYThgJHTM3,2663,308,60,1,1381,https://twitter.com/Evelyn_Dench,https://pbs.twimg.com/profile_images/1517546319572787202/t9U6M9AA_normal.jpg,Protected,
"""230818994""","Roy Eacups",RoyEacups,"2010-12-26 19:46:15",Non-Verified,"""#Mkultra, V2K, DEW, RNM, Ritual/Occult Abuse Victim/Survivor #Targetedindividuals Targeted Individuals United YouTube link -youtube.com/channel/UC0n_i…""","Bournemouth, Dorset.",,26792,1645,6908,38,54522,https://twitter.com/RoyEacups,https://pbs.twimg.com/profile_images/1284002372117770240/AV0XvXwR_normal.jpg,"Not Protected","2023-03-24 12:27:22"
"""822913722897178624""",SantaMonicaGasChambers,SMGasChambers,"2017-01-21 21:08:15",Non-Verified,"""Law abiding citizens who fight COVERT #GangStalking OP #V2K targeting the innocent using #STASI tactics,#ARSENIC #ORGANOPHOSPHATE AEROSOLS GangStalking=FELONY!""","GANGSTALKING HQ SantaMonicaCA ",https://t.co/DFVP2mBP7w,53707,4958,1668,7,5725,https://twitter.com/SMGasChambers,https://pbs.twimg.com/profile_images/822914842491166720/5XDRwvF__normal.jpg,"Not Protected","2023-03-24 16:01:42"
"""1541423319135682560""","Nik Lawman - Descendant of Mossadegh!",NikatLaw,"2022-06-27 14:09:23",Non-Verified,"""NYC Attorney/Nom De Guerre/Real Descendant of Mossadegh/Geo-Political and Geo-Economic Analyst/Iranian-American Rights Stalwart/Humanitarian""",,,5128,360,241,1,5446,https://twitter.com/NikatLaw,https://pbs.twimg.com/profile_images/1541941134804623360/9Lg068Ty_normal.jpg,"Not Protected","2023-03-24 14:52:19"
"""1566488629303820291""","Mark Fenn",MarkDFenn62,"2022-09-04 18:09:54",Non-Verified,"""Targeted Individual since at least 2012 . Psyops Exposed . Artist . Nature lover/saver . Degrowth . #HavanaSyndrome #TargetedIndividuals #NeuroRights""","London, England",,110,434,68,0,105,https://twitter.com/MarkDFenn62,https://abs.twimg.com/sticky/default_profile_images/default_profile_normal.png,"Not Protected","2023-03-21 13:04:49"
"""1346640506403627008""",eric,eric98319749,"2021-01-06 02:11:43",Non-Verified,"""Targeted electrician from Arkansas""",,,4146,239,470,2,5559,https://twitter.com/eric98319749,https://pbs.twimg.com/profile_images/1408176263655837700/Ns9u0cj2_normal.jpg,"Not Protected","2023-03-24 16:10:16"
"""1338501239701721088""","Ann-Marie Cudworth",Ann98897110,"2020-12-14 15:09:16",Non-Verified,"""a cash cow for radio frequency assaulters,life insurance fraudsters , human bio medical experimental trials with out my informed consent , human bitcoin mining.""","England, United Kingdom",,13528,509,543,1,26386,https://twitter.com/Ann98897110,https://pbs.twimg.com/profile_images/1339541046284480514/TrLOPcFY_normal.jpg,"Not Protected","2023-03-24 16:14:24"
"""1056982113013112837""","arisbe, a guess at the riddle",arisbe__,"2018-10-29 18:52:28",Non-Verified,"""Dilettante—Math, Tech, Peirce, Telos, Anomaly, Emergence, Poetry. https://t.co/ALEycJM2oO || 𝕣𝕖𝕤𝕠𝕟𝕒𝕟𝕔𝕖 𝕙𝕠𝕡𝕡𝕚𝕟𝕘 𝕤𝕚𝕘𝕟𝕤’ 𝕧𝕚𝕓𝕖𝕤""",USA,https://t.co/MbnZjpR2BW,2623,848,148,0,2352,https://twitter.com/arisbe__,https://pbs.twimg.com/profile_images/1568644418189541376/tAV2lsza_normal.jpg,"Not Protected","2023-03-24 10:50:19"
"""1240062521182048256""","Joshua Peart",JoshuaPeart5,"2020-03-17 23:48:52",Non-Verified,"""""",,,7,111,0,0,46,https://twitter.com/JoshuaPeart5,https://pbs.twimg.com/profile_images/1622285100607242242/rTXZM85w_normal.jpg,Protected,
