"Tweet Id","Media Id","Media URL","Tweet URL"
"""1637240971673980928""","""1637240927822413825""",https://video.twimg.com/tweet_video/Fril8wqWAAEOIkk.mp4,https://t.co/YVMgm3gMhX
"""1637047091275915266""","""1637046744071516160""",https://video.twimg.com/ext_tw_video/1637046744071516160/pu/pl/zfIPdCehhlKNO6qE.m3u8?tag=12&container=fmp4,https://t.co/ousLYy9fl9
"""1637011612698570752""","""1637011544226648064""",https://video.twimg.com/tweet_video/FrfVU4LX0AAwAED.mp4,https://t.co/8qCzJHV2jr
"""1637007371972104192""","""1637007294004187137""",https://video.twimg.com/tweet_video/FrfRde3X0AEvLeu.mp4,https://t.co/10p2FDhBUO
"""1631879424164462601""","""1631879386101084161""",https://video.twimg.com/tweet_video/FqWZp9TWcAEvv__.mp4,https://t.co/rNp0121vlp
"""1631879335886958592""","""1631879298020777985""",https://video.twimg.com/tweet_video/FqWZk1LXoAElzFY.mp4,https://t.co/oDB7mBNRD2
"""1631879201685925889""","""1631879153619173376""",https://video.twimg.com/tweet_video/FqWZcbPWAAAYa6J.mp4,https://t.co/sx9Ual3Jtp
"""1631879076267917312""","""1631879033863524352""",https://video.twimg.com/tweet_video/FqWZVdHX0AA_0zo.mp4,https://t.co/lim5HIumB2
"""1631879030877159425""","""1631878988531417088""",https://video.twimg.com/tweet_video/FqWZS0PWwAADNDI.mp4,https://t.co/mlbXfTLsTS
"""1631878929970606080""","""1631878884378439681""",https://video.twimg.com/tweet_video/FqWZMwPWcAE-JKD.mp4,https://t.co/LukvRnm4Nn
"""1631878841248382977""","""1631878796604239872""",https://video.twimg.com/tweet_video/FqWZHpQWcAAoBN0.mp4,https://t.co/WuIb1an9sF
"""1631878663065989124""","""1631878626978197504""",https://video.twimg.com/tweet_video/FqWY9xWWcAAiGvE.mp4,https://t.co/hBNfPV3ysa
"""1631878622804844544""","""1631878586461310976""",https://video.twimg.com/tweet_video/FqWY7aaX0AAzJ_3.mp4,https://t.co/Is0voqIGL6
"""1631878537429786624""","""1631878477321216003""",https://video.twimg.com/tweet_video/FqWY1D1WIAMfeeA.mp4,https://t.co/pqlxvp79Hv
"""1631878473781334016""","""1631878422086524930""",https://video.twimg.com/tweet_video/FqWYx2EXoAIJRVI.mp4,https://t.co/ZMmo13SHfp
"""1631878375714222083""","""1631878338833784833""",https://video.twimg.com/tweet_video/FqWYs_7XoAE_bOl.mp4,https://t.co/BGrVdRe8ks
"""1631878320936611840""","""1631878275202002945""",https://video.twimg.com/tweet_video/FqWYpS4XsAE_4o_.mp4,https://t.co/e0LEqMTXrR
"""1631878130251059202""","""1631878094838530054""",https://video.twimg.com/tweet_video/FqWYey-XgAYGKf0.mp4,https://t.co/Kyyz51dsHb
"""1631877970678743042""","""1631877951263330305""",https://video.twimg.com/tweet_video/FqWYWcHX0AEai0g.mp4,https://t.co/TkMa7ssTka
"""1631877774473408517""","""1631877749240389632""",https://video.twimg.com/tweet_video/FqWYKrhWYAAiQf0.mp4,https://t.co/9ilKcbPLf9
"""1631877590678994946""","""1631877569703280642""",https://video.twimg.com/tweet_video/FqWYAOsXgAIIh4d.mp4,https://t.co/zI2ZMQ3HSZ
"""1631877546559127555""","""1631877525151383554""",https://video.twimg.com/tweet_video/FqWX9ouXgAIMCMv.mp4,https://t.co/ruCWaWRgGt
"""1631877494478446593""","""1631877472613462017""",https://video.twimg.com/tweet_video/FqWX6lAWcAE8Ihu.mp4,https://t.co/TaiA1BepaB
"""1631876907795988480""","""1631876888921534465""",https://video.twimg.com/tweet_video/FqWXYmlWcAEjqwc.mp4,https://t.co/at1Lte9tGE
"""1631876748953415681""","""1631876729240158208""",https://video.twimg.com/tweet_video/FqWXPTuWAAA4WWO.mp4,https://t.co/zdNCCi0f1P
"""1631876555818278913""","""1631876537006841857""",https://video.twimg.com/tweet_video/FqWXEHmWYAEioYY.mp4,https://t.co/H9Lwg8jOcc
"""1631876481323343872""","""1631876457579290624""",https://video.twimg.com/tweet_video/FqWW_ftWIAAv8Kj.mp4,https://t.co/etHJg4Xd13
"""1631876410724831232""","""1631876391548383232""",https://video.twimg.com/tweet_video/FqWW7puWcAAwlBw.mp4,https://t.co/YS6w9wYzWa
"""1631876203031195648""","""1631876179270483968""",https://video.twimg.com/tweet_video/FqWWvS7WwAAuks6.mp4,https://t.co/QA9KMFPTfw
"""1631875994540728321""","""1631875979420352512""",https://video.twimg.com/tweet_video/FqWWjqbXwAATXp2.mp4,https://t.co/OKnAz8xvEa
"""1631875841587118080""","""1631875824994463745""",https://video.twimg.com/tweet_video/FqWWarJXsAE_m27.mp4,https://t.co/ba92NFQC7t
"""1631875443048554497""","""1631875388770066434""",https://video.twimg.com/tweet_video/FqWWBSFXoAIMYeE.mp4,https://t.co/k4qmHBPFAy
"""1631665459471826944""","""1631665369189367808""",https://video.twimg.com/tweet_video/FqTXAiLWwAAG91e.mp4,https://t.co/yDCs4Y5s7z
"""1631665093451698176""","""1631664974719229953""",https://video.twimg.com/tweet_video/FqTWpkqWIAEhUIC.mp4,https://t.co/qavPN9KpUR
"""1631641182072713217""","""1631640915377897474""",https://video.twimg.com/tweet_video/FqTAxIoXwAIciMR.mp4,https://t.co/qPrDMFt7lF
"""1631640875708104705""","""1631640799812153344""",https://video.twimg.com/tweet_video/FqTAqaHWcAA8chB.mp4,https://t.co/UQkM961Sp7
"""1631640797241122816""","""1631640733101744129""",https://video.twimg.com/tweet_video/FqTAmhmWYAEyMwr.mp4,https://t.co/SJ8FNEkRsJ
"""1631640322257068034""","""1631640264258252801""",https://video.twimg.com/tweet_video/FqTALPBWcAEWeAL.mp4,https://t.co/B6UbWKrZ8T
"""1631640101884157952""","""1631640083743883266""",https://video.twimg.com/tweet_video/FqTAAujXwAIV3qg.mp4,https://t.co/FHDdYwGUPu
"""1631624871745662976""","""1631624834311438341""",https://video.twimg.com/tweet_video/FqSyJF_WwAUIDzJ.mp4,https://t.co/PGLzYGldmY
"""1631624588768493571""","""1631624544128565248""",https://video.twimg.com/tweet_video/FqSx4M-XgAAcnKV.mp4,https://t.co/7VQSJatdtU
"""1629630973988990976""","""1629630801494126592""",https://video.twimg.com/tweet_video/Fp2clG4XsAA64yD.mp4,https://t.co/3CuwkaXwqv
